Datetime,Water Level (m)
2025-03-11 12:00:00,-0.22034682
2025-03-11 13:00:00,0.27633855
2025-03-11 14:00:00,0.6860573
2025-03-11 15:00:00,0.9020154
2025-03-11 16:00:00,0.885334
2025-03-11 17:00:00,0.5620738
2025-03-11 18:00:00,0.05305819
2025-03-11 19:00:00,-0.58419913
2025-03-11 20:00:00,-1.1008453
2025-03-11 21:00:00,-1.4603289
2025-03-11 22:00:00,-1.5807834
2025-03-11 23:00:00,-1.266202
2025-03-12 00:00:00,-0.64698774
2025-03-12 01:00:00,-0.06827227
2025-03-12 02:00:00,0.37998924
2025-03-12 03:00:00,0.63055366
2025-03-12 04:00:00,0.6798112
2025-03-12 05:00:00,0.49112558
2025-03-12 06:00:00,0.07391412
2025-03-12 07:00:00,-0.46316978
2025-03-12 08:00:00,-0.99128246
2025-03-12 09:00:00,-1.3447543
2025-03-12 10:00:00,-1.4803004
2025-03-12 11:00:00,-1.2065347
2025-03-12 12:00:00,-0.54989123
2025-03-12 13:00:00,0.09625431
2025-03-12 14:00:00,0.6608545
2025-03-12 15:00:00,0.9847971
2025-03-12 16:00:00,1.0462242
2025-03-12 17:00:00,0.824424
2025-03-12 18:00:00,0.34117573
2025-03-12 19:00:00,-0.25844106
2025-03-12 20:00:00,-0.87761426
2025-03-12 21:00:00,-1.3384622
2025-03-12 22:00:00,-1.6427249
2025-03-12 23:00:00,-1.5967
2025-03-13 00:00:00,-1.0280972
2025-03-13 01:00:00,-0.304024
2025-03-13 02:00:00,0.30745876
2025-03-13 03:00:00,0.73077875
2025-03-13 04:00:00,0.8916163
2025-03-13 05:00:00,0.782893
2025-03-13 06:00:00,0.39654076
2025-03-13 07:00:00,-0.13511431
2025-03-13 08:00:00,-0.7491612
2025-03-13 09:00:00,-1.2258741
2025-03-13 10:00:00,-1.5142984
2025-03-13 11:00:00,-1.4856846
2025-03-13 12:00:00,-0.9170834
2025-03-13 13:00:00,-0.19733696
2025-03-13 14:00:00,0.45619395
2025-03-13 15:00:00,0.96412784
2025-03-13 16:00:00,1.1689745
2025-03-13 17:00:00,1.075769
2025-03-13 18:00:00,0.67024744
2025-03-13 19:00:00,0.08206301
2025-03-13 20:00:00,-0.60745305
2025-03-13 21:00:00,-1.158958
2025-03-13 22:00:00,-1.5779498
2025-03-13 23:00:00,-1.7497026
2025-03-14 00:00:00,-1.3364226
2025-03-14 01:00:00,-0.54247797
2025-03-14 02:00:00,0.15637048
2025-03-14 03:00:00,0.70032585
2025-03-14 04:00:00,0.98718536
2025-03-14 05:00:00,0.9967392
2025-03-14 06:00:00,0.7024775
2025-03-14 07:00:00,0.18257444
2025-03-14 08:00:00,-0.4455937
2025-03-14 09:00:00,-1.033649
2025-03-14 10:00:00,-1.4549639
2025-03-14 11:00:00,-1.6429214
2025-03-14 12:00:00,-1.3282965
2025-03-14 13:00:00,-0.5653286
2025-03-14 14:00:00,0.14896418
2025-03-14 15:00:00,0.75709677
2025-03-14 16:00:00,1.1145542
2025-03-14 17:00:00,1.1697414
2025-03-14 18:00:00,0.8946798
2025-03-14 19:00:00,0.34649011
2025-03-14 20:00:00,-0.3088505
2025-03-14 21:00:00,-0.94814104
2025-03-14 22:00:00,-1.4298255
2025-03-14 23:00:00,-1.752301
2025-03-15 00:00:00,-1.6676496
2025-03-15 01:00:00,-0.96913964
2025-03-15 02:00:00,-0.14355236
2025-03-15 03:00:00,0.5256483
2025-03-15 04:00:00,0.97787875
2025-03-15 05:00:00,1.1250774
2025-03-15 06:00:00,0.94398344
2025-03-15 07:00:00,0.45834658
2025-03-15 08:00:00,-0.1306641
2025-03-15 09:00:00,-0.7922377
2025-03-15 10:00:00,-1.2946895
2025-03-15 11:00:00,-1.6207238
2025-03-15 12:00:00,-1.5864786
2025-03-15 13:00:00,-0.9486093
2025-03-15 14:00:00,-0.16891856
2025-03-15 15:00:00,0.48548687
2025-03-15 16:00:00,0.96095324
2025-03-15 17:00:00,1.145352
2025-03-15 18:00:00,1.0184702
2025-03-15 19:00:00,0.5584646
2025-03-15 20:00:00,-0.037826836
2025-03-15 21:00:00,-0.7174824
2025-03-15 22:00:00,-1.2436099
2025-03-15 23:00:00,-1.6321936
2025-03-16 00:00:00,-1.7547293
2025-03-16 01:00:00,-1.2325753
2025-03-16 02:00:00,-0.42135623
2025-03-16 03:00:00,0.26114252
2025-03-16 04:00:00,0.81889564
2025-03-16 05:00:00,1.1132997
2025-03-16 06:00:00,1.0909933
2025-03-16 07:00:00,0.7261355
2025-03-16 08:00:00,0.17691617
2025-03-16 09:00:00,-0.46635017
2025-03-16 10:00:00,-1.0342114
2025-03-16 11:00:00,-1.4533814
2025-03-16 12:00:00,-1.6380271
2025-03-16 13:00:00,-1.2950646
2025-03-16 14:00:00,-0.50771946
2025-03-16 15:00:00,0.18619873
2025-03-16 16:00:00,0.7438892
2025-03-16 17:00:00,1.0463192
2025-03-16 18:00:00,1.0467566
2025-03-16 19:00:00,0.7123791
2025-03-16 20:00:00,0.17143461
2025-03-16 21:00:00,-0.4499953
2025-03-16 22:00:00,-1.027538
2025-03-16 23:00:00,-1.484768
2025-03-17 00:00:00,-1.7638055
2025-03-17 01:00:00,-1.5557741
2025-03-17 02:00:00,-0.77576345
2025-03-17 03:00:00,0.013181093
2025-03-17 04:00:00,0.6262911
2025-03-17 05:00:00,1.0153096
2025-03-17 06:00:00,1.1254072
2025-03-17 07:00:00,0.9106031
2025-03-17 08:00:00,0.42042533
2025-03-17 09:00:00,-0.15118647
2025-03-17 10:00:00,-0.75476
2025-03-17 11:00:00,-1.2048563
2025-03-17 12:00:00,-1.4897227
